<?xml version="1.0" encoding="UTF-8" standalone="yes"?>
<addon id="plugin.program.pocketsizedhulk" name="Pocketsizedhulkbuild" version="1.0B" provider-name="RSHINE">
  <requires>
    <import addon="xbmc.python" version="2.1.0"/>
  </requires>
  <extension point="xbmc.python.pluginsource" library="default.py">
    <provides>executable</provides>
  </extension>
  <extension point="xbmc.service" library="startup.py" start="startup" />
  <extension point="xbmc.addon.metadata">
    <summary lang="en">Pocketsizedhulkbuild</summary>
    <description lang="en">Custom Kodi 18.0 RC3 Build</description>
    <platform>all</platform>
  </extension>
</addon>