<?xml version="1.0" encoding="UTF-8"?>
    <addon id="repository.pocketsizedhulk" name="PocketsizedhulkBuilds" version="0.1" provider-name="RSHINE">
        <requires>
            <import addon="xbmc.addon" version="12.0.0"/>
        </requires>
        <extension point="xbmc.addon.repository" name="PocketsizedhulkBuilds">
            <info compressed="false">https://github.com/RUSSSHINE/pocketsizedhulkbuilds/_repo/addons.xml</info>
            <checksum>https://github.com/RUSSSHINE/pocketsizedhulkbuilds/_repo/addons.xml.md5</checksum>
            <datadir zip="true">https://github.com/RUSSSHINE/pocketsizedhulkbuilds/_repo/</datadir>
            <hashes>false</hashes>
        </extension>
        <extension point="xbmc.addon.metadata">
            <summary>18.0 RC3 Build</summary>
            <description>Pocketsizedhulk Custom Kodi Builds</description>
            <platform>all</platform>
    </extension>
</addon>